MatchScore,Title,Company,Location,PostedAt,IsRemote,URL,Source,Tags
13,Chief of Staff,Department of Veterans Affairs,"East Long Beach, Los Angeles County",2026-03-18,False,https://www.adzuna.com/land/ad/5671107739?se=8GGyLqIj8RG33tIVupBjkQ&utm_medium=api&utm_source=0f860342&v=4E0D35941F00CD72089167023DD1CB518BB4B1FA,Adzuna,"Recent, Chief of Staff"
13,Chief of Staff (COS),Department of Veterans Affairs,"Johnson, Washington County",2026-03-18,False,https://www.adzuna.com/land/ad/5671076819?se=8GGyLqIj8RG33tIVupBjkQ&utm_medium=api&utm_source=0f860342&v=FD6D9DFDC3A4AD905B0451C1FDD730729862C543,Adzuna,"Recent, Chief of Staff"
13,"Leadership Opportunity – Deputy Chief of Staff in Beautiful Dallas, Texas",Department of Veterans Affairs,"Highland Park, Dallas",2026-03-18,False,https://www.adzuna.com/land/ad/5671156643?se=8GGyLqIj8RG33tIVupBjkQ&utm_medium=api&utm_source=0f860342&v=BDB3575A659A532D838BA638208E1F7989EF8B8F,Adzuna,"Recent, Chief of Staff"
13,Chief of Staff,Banfield Pet Hospital,"Salmon Creek, Clark County",2026-03-19,False,https://www.adzuna.com/land/ad/5671623372?se=8GGyLqIj8RG33tIVupBjkQ&utm_medium=api&utm_source=0f860342&v=95125B46B0DD7AA47F7D5C3D6F8C703D510D5A93,Adzuna,"Recent, Chief of Staff"
13,"Senior Director, Chief of Staff",Northwestern Mutual,"Milwaukee, Milwaukee County",2026-03-18,False,https://www.adzuna.com/land/ad/5670954927?se=8GGyLqIj8RG33tIVupBjkQ&utm_medium=api&utm_source=0f860342&v=C52DBEF2447D515C7A262DE4082D1429822B1264,Adzuna,"Recent, Chief of Staff"
13,Chief of Staff,Confidential,"Columbus, OH",2026-03-18,False,https://jooble.org/jdp/-7623279108985429622,Jooble,"Recent, Chief of Staff"
12,Organizational Effectiveness Manager,Advanced Bio-Logic Solutions Corp,"Thousand Oaks, Ventura County",2026-03-17,True,https://www.adzuna.com/details/5669750429?utm_medium=api&utm_source=0f860342,Adzuna,"Recent, Remote"
12,"Remote Director, Patient Programs Operations",Scorpion Therapeutics,"New Bremen, OH",2026-03-18,True,https://jooble.org/jdp/-7328661182124056538,Jooble,"Recent, Remote"
12,"Director of Program Operations, NPAF- Remote",Scorpion Therapeutics,"New Bremen, OH",2026-03-18,True,https://jooble.org/jdp/3631311062751053498,Jooble,"Recent, Remote"
12,Sr Director Analyst - Organizational Design (REMOTE US),"Gartner, Inc. ",Remote,2026-03-19,True,https://jooble.org/jdp/3959168333642903099,Jooble,"Recent, Remote"
12,Controller,Blake Willson Group,Remote,2026-03-19,True,https://jooble.org/jdp/-1689644549220865952,Jooble,"Recent, Remote"
12,Branch Manager,Quality Talent Group,Remote,2026-03-19,True,https://jooble.org/jdp/7002940651907951478,Jooble,"Recent, Remote"
12,Staff Accountant,Safe Life Us,Remote,2026-03-19,True,https://jooble.org/jdp/6980445173886054470,Jooble,"Recent, Remote"
12,Automotive Controller,Jeff D'ambrosio Auto Group,Remote,2026-03-19,True,https://jooble.org/jdp/-1919389700924657448,Jooble,"Recent, Remote"
12,Payments Analyst,Seedtrust,Remote,2026-03-19,True,https://jooble.org/jdp/3747204057854312851,Jooble,"Recent, Remote"
12,Assistant Controller,Interop Labs,Remote,2026-03-19,True,https://jooble.org/jdp/738610974749589877,Jooble,"Recent, Remote"
12,Java Developer,Contact Government Services,Remote,2026-03-19,True,https://jooble.org/jdp/4543072012658372344,Jooble,"Recent, Remote"
12,Fiscal Officer,Charlotte Area Fund,Remote,2026-03-19,True,https://jooble.org/jdp/-5716919622393596410,Jooble,"Recent, Remote"
12,Organizational Change Management (OCM)/Process Re-design Lead,Padmore Global Connections LLC,"Indianapolis, IN",2026-03-18,True,https://jooble.org/jdp/-7221253138402293270,Jooble,"Recent, Remote"
12,Supervisory Social Science Program Specialist (Workflow Coordinator),Veterans Health Administration,"Anywhere in the U.S. (remote job), United States",2026-03-17,True,https://www.usajobs.gov:443/job/861514700,USAJobs,"Recent, Remote"
10,CREO Developer L1,Wipro,"San Francisco, CA",2026-03-18,False,https://www.themuse.com/jobs/wipro/creo-developer-l1,TheMuse,Recent
10,Manager Organizational Effectiveness,Constellation,"Oswego, Oswego County",2026-03-17,False,https://www.adzuna.com/land/ad/5670230482?se=lpG6MqIj8RGNNvXIQ7TemA&utm_medium=api&utm_source=0f860342&v=D044494B7F9BA3B14EA1A6961702741C9B600CF5,Adzuna,Recent
10,Organizational Effectiveness Manager,US Tech Solutions,"Westlake Village, Ventura County",2026-03-17,False,https://www.adzuna.com/land/ad/5670023443?se=lpG6MqIj8RGNNvXIQ7TemA&utm_medium=api&utm_source=0f860342&v=0C178131FF5A34A26843740B4C69036B47BEFBCA,Adzuna,Recent
10,"Manager of Organizational Effectiveness Programs, Cloud AI",Google,"Sunnyvale, Santa Clara County",2026-03-18,False,https://www.adzuna.com/land/ad/5671265842?se=lpG6MqIj8RGNNvXIQ7TemA&utm_medium=api&utm_source=0f860342&v=B5A472C925CBCAAFF6FD9E0BDCEDFD7D8BBF1776,Adzuna,Recent
10,Lead Organizational Effectiveness Specialist,Guidehouse,US,2026-03-18,False,https://www.adzuna.com/details/5671223373?utm_medium=api&utm_source=0f860342,Adzuna,Recent
10,"Director, Project Operations - Commercial",Sunspear Energy LLC,"Honolulu, HI",2026-03-18,False,https://jooble.org/jdp/540817675661469820,Jooble,Recent
10,Assistant Director of Utility Operations,GovernmentJobs.com,"Colton, CA",2026-03-18,False,https://jooble.org/jdp/-2900266967347126222,Jooble,Recent
10,"HR Director, Operations",IDEX,"Northbrook, IL",2026-03-18,False,https://jooble.org/jdp/8198286903226540697,Jooble,Recent
10,"Sr Director, Planning (Space Planning & Operations)",University of Pennsylvania,United States,2026-03-18,False,https://jooble.org/jdp/9116647790933975794,Jooble,Recent
10,Technical Program Manager - Strategic Initiatives,DeepSig Inc.,"Arlington, VA",2026-03-18,False,https://jooble.org/jdp/5164837073067545275,Jooble,Recent
10,Technical Program Manager,Runpod,"Seattle, WA",2026-03-18,False,https://jooble.org/jdp/-2874315855476816103,Jooble,Recent
10,"Technical Program Manager II, NPI Ordering Configuration, Cloud Infrastructure",Google Inc.,"Addison, TX",2026-03-18,False,https://jooble.org/jdp/8586681953403794037,Jooble,Recent
10,Senior Workforce Analytics & Capacity Planner,Safelite AutoGlass,"Columbus, OH",2026-03-18,False,https://jooble.org/jdp/1374053320105374025,Jooble,Recent
10,Workforce Research Supervisor - Research Scientist Supervisor 2,Minnesota Department of Health,"Saint Paul, MN",2026-03-18,False,https://jooble.org/jdp/299375071893538344,Jooble,Recent
10,Regulatory Change Management Sr. Analyst,Securian Financial,"Saint Paul, MN",2026-03-18,False,https://jooble.org/jdp/2674862267263497563,Jooble,Recent
10,Vice President - Compliance Regulatory Change Lead,TD Bank,"New York, NY",2026-03-18,False,https://jooble.org/jdp/7541954892711006395,Jooble,Recent
10,Manager - Regulatory Change & Inventory Management,American Express,"Sunrise, FL",2026-03-18,False,https://jooble.org/jdp/9089318357902694986,Jooble,Recent
10,Supply Chain Transformation: Governance & Change Manager,Ally Financial Inc.,"Raleigh, NC",2026-03-18,False,https://jooble.org/jdp/-786714276147488337,Jooble,Recent
10,"Director, Business Strategy, Program and Change Management - Individual Investors",T. Rowe Price,"Owings Mills, MD",2026-03-18,False,https://jooble.org/jdp/-4540174646577149020,Jooble,Recent
8,"Director, Chief of Staff",Mastercard,"Weldon Spring, Saint Charles County",2026-03-06,False,https://www.adzuna.com/land/ad/5657060167?se=8GGyLqIj8RG33tIVupBjkQ&utm_medium=api&utm_source=0f860342&v=5491F8AE194505E7EE8DE72211205D202B4A64B6,Adzuna,"Target Company, Chief of Staff"
6,Workforce Planning (WFP) Consultant - Business Transformation (BT) Initiatives,ProSidian Consulting,"Silver Spring, MD",2026-03-17,False,https://jooble.org/jdp/6649733657815148153,Jooble,"Workforce Planning, Business Transformation"
5,"AI Creative Technologist, Vice President",JPMorgan Chase,"Columbus, OH, New York, NY, Plano, TX, Wilmington, DE",2026-03-12,False,https://www.themuse.com/jobs/jpmorganchase/ai-creative-technologist-vice-president,TheMuse,Target Company
5,"Forecast Analyst, Workforce Planning",Medical Guardian,"Philadelphia, Philadelphia County",2026-03-02,True,https://www.adzuna.com/details/5651548828?utm_medium=api&utm_source=0f860342,Adzuna,"Workforce Planning, Remote"
5,Organizational Effectiveness Senior Consultant,Lockheed Martin,"Stratford, Fairfield County",2026-03-07,False,https://www.adzuna.com/land/ad/5658282297?se=lpG6MqIj8RGNNvXIQ7TemA&utm_medium=api&utm_source=0f860342&v=B14839EB04CB266975CB20B1AF4C584A5DAE6D1E,Adzuna,Target Company
5,Organizational Effectiveness Senior Consultant,Lockheed Martin,"Manassas, Prince William County",2026-03-07,False,https://www.adzuna.com/details/5658113001?utm_medium=api&utm_source=0f860342,Adzuna,Target Company
5,Chief of Staff,NxT Level,"New York, NY",2026-03-15,True,https://jooble.org/jdp/-576425583776200882,Jooble,"Chief of Staff, Remote"
5,Chief of Staff to CEO,Bureau,"San Francisco, CA",2026-03-14,True,https://jooble.org/jdp/-4782160408620681060,Jooble,"Chief of Staff, Remote"
5,"Chief of Staff - Policy, Capital & Infrastructure Strategy",Sigma Decom,"Indianapolis, IN",2026-03-16,True,https://jooble.org/jdp/-2496321750327778829,Jooble,"Chief of Staff, Remote"
5,Senior Strategic Workforce Planner (Remote),Prattwhitney,Wisconsin,2026-03-14,True,https://jooble.org/jdp/2259623621577147917,Jooble,"Workforce Planning, Remote"
5,Strategic Workforce Planner (Remote/Hybrid),Q-Centrix,"Chicago, IL",2026-03-16,True,https://jooble.org/jdp/-6344126281058026497,Jooble,"Workforce Planning, Remote"
5,Organizational Change Management Specialist,Booz Allen Hamilton,"Mc Lean, VA",2026-03-14,False,https://jooble.org/jdp/-4747044119554716949,Jooble,Target Company
3,Chief of Staff,Banfield Pet Hospital,"Springfield, Greene County",2026-03-05,False,https://www.adzuna.com/land/ad/5655815768?se=8GGyLqIj8RG33tIVupBjkQ&utm_medium=api&utm_source=0f860342&v=12E44A9207C74558CC12231CBED774133871F368,Adzuna,Chief of Staff
3,Chief of Staff with Security Clearance,Amentum,"Rosslyn, Arlington County",2026-03-04,False,https://www.adzuna.com/land/ad/5653919624?se=8GGyLqIj8RG33tIVupBjkQ&utm_medium=api&utm_source=0f860342&v=2982852ACDD1229B42031EC4EF2A395D9CDF19F7,Adzuna,Chief of Staff
3,Chief of Staff to the President,University of Washington,"International, King County",2026-02-18,False,https://www.adzuna.com/land/ad/5635695358?se=8GGyLqIj8RG33tIVupBjkQ&utm_medium=api&utm_source=0f860342&v=ADA31552E22A4B0D96CDA54DA0BEEFCE4539BD24,Adzuna,Chief of Staff
3,Area Chief of Staff,Banfield Pet Hospital,"Apple Valley, Dakota County",2026-03-05,False,https://www.adzuna.com/land/ad/5655800827?se=8GGyLqIj8RG33tIVupBjkQ&utm_medium=api&utm_source=0f860342&v=331C58EC3A5DAA4CCD75C0C99EF832EB8E3E4600,Adzuna,Chief of Staff
3,Area Chief of Staff,Banfield Pet Hospital,"Kansas City, Jackson County",2026-03-05,False,https://www.adzuna.com/land/ad/5655815766?se=8GGyLqIj8RG33tIVupBjkQ&utm_medium=api&utm_source=0f860342&v=E4F06CAC04F155F77AA757CBB8C8EEDF1A837A04,Adzuna,Chief of Staff
3,Area Chief of Staff,Banfield Pet Hospital,"Lakeland, Shelby County",2026-03-04,False,https://www.adzuna.com/land/ad/5654539302?se=8GGyLqIj8RG33tIVupBjkQ&utm_medium=api&utm_source=0f860342&v=B4D1D00608CCD3B481438D7371A92F9211D6121B,Adzuna,Chief of Staff
3,Area Chief of Staff,Banfield Pet Hospital,"Madison, Dane County",2026-02-21,False,https://www.adzuna.com/land/ad/5640855483?se=8GGyLqIj8RG33tIVupBjkQ&utm_medium=api&utm_source=0f860342&v=15AED260D410098385EF6A67FB4A95520D72F437,Adzuna,Chief of Staff
3,Area Chief of Staff,Banfield Pet Hospital,"Matthews, Mecklenburg County",2026-03-10,False,https://www.adzuna.com/land/ad/5661211897?se=8GGyLqIj8RG33tIVupBjkQ&utm_medium=api&utm_source=0f860342&v=E113A604BCE329D9B62E736FF7BAD0D83063AD31,Adzuna,Chief of Staff
3,Area Chief of Staff,Banfield Pet Hospital,"Pelham, Westchester County",2026-03-05,False,https://www.adzuna.com/land/ad/5655782954?se=8GGyLqIj8RG33tIVupBjkQ&utm_medium=api&utm_source=0f860342&v=1145D253EF683489A3263DCEB1C79DC08D4ED8E4,Adzuna,Chief of Staff
3,AREA CHIEF OF STAFF,Banfield Pet Hospital,"Sacramento, Sacramento County",2026-03-04,False,https://www.adzuna.com/land/ad/5654275990?se=8GGyLqIj8RG33tIVupBjkQ&utm_medium=api&utm_source=0f860342&v=EF7A99E90C88D136684754DD286847068BD2E6BF,Adzuna,Chief of Staff
3,Area Chief of Staff,Banfield Pet Hospital,"Salisbury, Wicomico County",2026-03-16,False,https://www.adzuna.com/land/ad/5668907592?se=8GGyLqIj8RG33tIVupBjkQ&utm_medium=api&utm_source=0f860342&v=42AC182593E0709E0CC35CF103696B1C7A50A39A,Adzuna,Chief of Staff
3,Area Chief of Staff,Banfield Pet Hospital,"Corona, Riverside County",2026-03-05,False,https://www.adzuna.com/land/ad/5655441447?se=8GGyLqIj8RG33tIVupBjkQ&utm_medium=api&utm_source=0f860342&v=55FD32715FD6993699C2BDEA1CC0E8EC6A2456AB,Adzuna,Chief of Staff
3,Area Chief of Staff,Banfield Pet Hospital,"Scottsdale, Maricopa County",2026-03-04,False,https://www.adzuna.com/land/ad/5654529816?se=8GGyLqIj8RG33tIVupBjkQ&utm_medium=api&utm_source=0f860342&v=19D9F2A7E3EB3214A5196E11A271013E42B73844,Adzuna,Chief of Staff
3,Area Chief of Staff,Banfield Pet Hospital,"Phoenix, Maricopa County",2026-03-04,False,https://www.adzuna.com/land/ad/5654529815?se=8GGyLqIj8RG33tIVupBjkQ&utm_medium=api&utm_source=0f860342&v=6C1B2DE75F5E1CA7B415DC1B1B343ACF3081DB69,Adzuna,Chief of Staff
3,Area Chief of Staff,Banfield Pet Hospital,"El Segundo, Los Angeles County",2026-03-04,False,https://www.adzuna.com/land/ad/5654275993?se=8GGyLqIj8RG33tIVupBjkQ&utm_medium=api&utm_source=0f860342&v=8F39D781A46A2550D037C864CD5580DBA03893EF,Adzuna,Chief of Staff
3,AREA CHIEF OF STAFF,Banfield Pet Hospital,"Rancho Cordova, Sacramento County",2026-03-04,False,https://www.adzuna.com/land/ad/5654275997?se=8GGyLqIj8RG33tIVupBjkQ&utm_medium=api&utm_source=0f860342&v=41851EEAA4FA8DF49E4557958D34A48CF5290237,Adzuna,Chief of Staff
3,Area Chief of Staff,Banfield Pet Hospital,"Garfield, Bergen County",2026-03-05,False,https://www.adzuna.com/land/ad/5655817215?se=8GGyLqIj8RG33tIVupBjkQ&utm_medium=api&utm_source=0f860342&v=87AF46FA4154F81B5ABCC09714D69EC47A1B14AE,Adzuna,Chief of Staff
3,Area Chief of Staff,Banfield Pet Hospital,"Queensborough, Snohomish County",2026-03-17,False,https://www.adzuna.com/land/ad/5669176586?se=8GGyLqIj8RG33tIVupBjkQ&utm_medium=api&utm_source=0f860342&v=BF55327153DE74DE09B85A88711F24B8878A6258,Adzuna,Chief of Staff
3,Area Chief of Staff,Banfield Pet Hospital,"Charlotte, Mecklenburg County",2026-03-10,False,https://www.adzuna.com/land/ad/5661211899?se=8GGyLqIj8RG33tIVupBjkQ&utm_medium=api&utm_source=0f860342&v=C9FB1E2BAB5F9C10758082DC1101DEED452CE04F,Adzuna,Chief of Staff
3,Area Chief of Staff,Banfield Pet Hospital,"Chestnut, Union County",2026-03-06,False,https://www.adzuna.com/land/ad/5657067176?se=8GGyLqIj8RG33tIVupBjkQ&utm_medium=api&utm_source=0f860342&v=E1E66D6704970E2D12CC08A6F615501B8737D967,Adzuna,Chief of Staff
3,Workforce Planning Consultant,Sutter Health,"Sacramento, Sacramento County",2026-03-13,False,https://www.adzuna.com/land/ad/5664197949?se=9s60MaIj8RGNNvXIQ7TemA&utm_medium=api&utm_source=0f860342&v=6DBB392D63D1C03FA15CBC96870BAA695BAAA505,Adzuna,Workforce Planning
3,"Manager, Workforce Planning",Walmart,"Bentonville, Benton County",2026-03-10,False,https://www.adzuna.com/land/ad/5661180198?se=9s60MaIj8RGNNvXIQ7TemA&utm_medium=api&utm_source=0f860342&v=D239EECCB52849D8ADFE9E6047A8C9F906435DF2,Adzuna,Workforce Planning
3,Workforce Planning Analyst,Uline,"Kenosha, Kenosha County",2026-03-01,False,https://www.adzuna.com/land/ad/5649724437?se=9s60MaIj8RGNNvXIQ7TemA&utm_medium=api&utm_source=0f860342&v=C7D86EAAC95CAC3C7F9501585D27358EA10B00CD,Adzuna,Workforce Planning
3,Director of Workforce Planning with Security Clearance,AEVEX Aerospace,"East Lake-Orient Park, Hillsborough County",2026-03-04,False,https://www.adzuna.com/land/ad/5654653390?se=9s60MaIj8RGNNvXIQ7TemA&utm_medium=api&utm_source=0f860342&v=776EC6FEDF753F7EC461DD7FEA2E5B1EA46EC73A,Adzuna,Workforce Planning
3,Workforce Planning Specialist - Oahu,Hawaiian Electric,"Wake Island, Honolulu",2026-02-28,False,https://www.adzuna.com/land/ad/5649187553?se=9s60MaIj8RGNNvXIQ7TemA&utm_medium=api&utm_source=0f860342&v=B5397FC571B75A97CBB330DD1298DB2385BCF08C,Adzuna,Workforce Planning
3,Workforce Planning Systems & Integration Analyst,Autodesk,"Atlanta, Fulton County",2026-02-26,False,https://www.adzuna.com/land/ad/5646784989?se=9s60MaIj8RGNNvXIQ7TemA&utm_medium=api&utm_source=0f860342&v=6B02B3970358517F39C40F1C68F9271BEE754593,Adzuna,Workforce Planning
3,Workforce Planning Systems & Integration Analyst,Autodesk,"Portland, Multnomah County",2026-02-26,False,https://www.adzuna.com/land/ad/5646785078?se=9s60MaIj8RGNNvXIQ7TemA&utm_medium=api&utm_source=0f860342&v=E056AFFAE237E35A693200207542D947168DD34E,Adzuna,Workforce Planning
3,"Sr. Manager, Workforce Planning - Lyric HCM",ADP,"Guadalupe, Maricopa County",2026-02-19,False,https://www.adzuna.com/land/ad/5636935347?se=9s60MaIj8RGNNvXIQ7TemA&utm_medium=api&utm_source=0f860342&v=2A3E1D0C0904721A3F143A1189483ED50DAB25F1,Adzuna,Workforce Planning
3,"Sr. Manager, Workforce Planning - Lyric HCM",ADP,"Augusta, Richmond County",2026-02-19,False,https://www.adzuna.com/land/ad/5636938681?se=9s60MaIj8RGNNvXIQ7TemA&utm_medium=api&utm_source=0f860342&v=EF0FF2B1023B7CF5A223FE362720576FA6D903B5,Adzuna,Workforce Planning
3,"Sr. Manager, Workforce Planning - Lyric HCM",ADP,"Alpharetta, Fulton County",2026-02-19,False,https://www.adzuna.com/land/ad/5636938678?se=9s60MaIj8RGNNvXIQ7TemA&utm_medium=api&utm_source=0f860342&v=1C367C95D150A7440874A3D4DD7FA6357E4E18E8,Adzuna,Workforce Planning
3,"Senior Specialist, Workforce Planning - Health and Wellness",Walmart,"Bentonville, Benton County",2026-03-14,False,https://www.adzuna.com/land/ad/5665987982?se=9s60MaIj8RGNNvXIQ7TemA&utm_medium=api&utm_source=0f860342&v=6921AEB76B5D2B4323EE63598F4301EFD22B02C6,Adzuna,Workforce Planning
3,"Senior Human Resources Generalist - Strategy, Workforce Planning with Security Clearance",Boeing,"El Segundo, Los Angeles County",2026-03-16,False,https://www.adzuna.com/land/ad/5668760797?se=9s60MaIj8RGNNvXIQ7TemA&utm_medium=api&utm_source=0f860342&v=82772A6AE59DF645EC49B427B6BEAC9145D71AFE,Adzuna,Workforce Planning
3,Workforce Planning Specialist,FM,"Johnston, Providence County",2026-03-10,False,https://www.adzuna.com/land/ad/5661193551?se=9s60MaIj8RGNNvXIQ7TemA&utm_medium=api&utm_source=0f860342&v=643B2B6B0680722A47A80ECC39E9C3AAE362337A,Adzuna,Workforce Planning
3,Workforce Planning Analyst,Uline,"Pleasant Prairie, Kenosha County",2026-03-01,False,https://www.adzuna.com/details/5650191143?utm_medium=api&utm_source=0f860342,Adzuna,Workforce Planning
3,Workforce Planning Partner,Baystate Health,"Springfield, Hampden County",2026-03-04,False,https://www.adzuna.com/land/ad/5654473278?se=9s60MaIj8RGNNvXIQ7TemA&utm_medium=api&utm_source=0f860342&v=BC7E5B79AECB917A5D20B3C4746A5E738A385BA2,Adzuna,Workforce Planning
3,Director of Workforce Planning,Aevex,"Tampa, Hillsborough County",2026-03-06,False,https://www.adzuna.com/details/5656737052?utm_medium=api&utm_source=0f860342,Adzuna,Workforce Planning
3,Contingent Workforce Planning Partner,Robinhood,US,2026-03-13,False,https://www.adzuna.com/land/ad/5663583014?se=9s60MaIj8RGNNvXIQ7TemA&utm_medium=api&utm_source=0f860342&v=71945F3CFB216C6C7B3F9EA198AF654ADF341A38,Adzuna,Workforce Planning
3,Workforce Planning & Analysis Manager,Mammoth Brands,"New York City, New York",2026-03-10,False,https://www.adzuna.com/details/5660457916?utm_medium=api&utm_source=0f860342,Adzuna,Workforce Planning
3,Workforce Planning & Analysis Manager,Harry's,"New York City, New York",2026-03-11,False,https://www.adzuna.com/details/5662115523?utm_medium=api&utm_source=0f860342,Adzuna,Workforce Planning
3,Workforce Planning & Analysis Manager,Flamingo,"New York City, New York",2026-03-11,False,https://www.adzuna.com/details/5661798045?utm_medium=api&utm_source=0f860342,Adzuna,Workforce Planning
3,Workforce Planning & Analysis Manager,Lume Deodorant,"New York City, New York",2026-03-10,False,https://www.adzuna.com/details/5660452142?utm_medium=api&utm_source=0f860342,Adzuna,Workforce Planning
3,"Sr. Associate, Workforce Planning",dentsu,US,2026-02-22,False,https://www.adzuna.com/details/5641564966?utm_medium=api&utm_source=0f860342,Adzuna,Workforce Planning
3,"Product Lead, Workforce Planning",Take-Two Interactive Software,"Austin, Travis County",2026-03-12,False,https://www.adzuna.com/details/5663030473?utm_medium=api&utm_source=0f860342,Adzuna,Workforce Planning
3,Senior Workforce Planning Specialist,LEGO,"Tempe, Maricopa County",2026-03-12,False,https://www.adzuna.com/details/5663029120?utm_medium=api&utm_source=0f860342,Adzuna,Workforce Planning
3,Senior Workforce Planning & Budget Analyst,Abercrombie & Kent,"Aventura, Miami-Dade County",2026-03-13,False,https://www.adzuna.com/details/5663925161?utm_medium=api&utm_source=0f860342,Adzuna,Workforce Planning
3,Workforce Planning Systems & Integration Analyst,Autodesk,"Novi, Oakland County",2026-02-26,False,https://www.adzuna.com/land/ad/5646786015?se=9s60MaIj8RGNNvXIQ7TemA&utm_medium=api&utm_source=0f860342&v=75402A60BA4C37DC650789A5F5B1F189882BDA95,Adzuna,Workforce Planning
3,Workforce Planning Systems & Integration Analyst,Autodesk,"Glendale, Denver",2026-02-26,False,https://www.adzuna.com/land/ad/5646782487?se=9s60MaIj8RGNNvXIQ7TemA&utm_medium=api&utm_source=0f860342&v=3A810CFDEC10666A1A283D3930798FFAF9361C72,Adzuna,Workforce Planning
3,Chief of Staff,Amagi,"Bay County, FL",2026-03-15,False,https://jooble.org/jdp/3009169524348031271,Jooble,Chief of Staff
3,Chief of Staff,Vertical,"Santa Monica, CA",2026-03-16,False,https://jooble.org/jdp/5778768675298971452,Jooble,Chief of Staff
3,Chief of Staff,Kasa,"New York, NY",2026-03-06,False,https://jooble.org/jdp/-6094509551471677024,Jooble,Chief of Staff
3,Chief of Staff,Spark Car Wash,"Summit, NJ",2026-03-05,False,https://jooble.org/jdp/338163037104442871,Jooble,Chief of Staff
3,Chief of Staff,Global Citizen,"New York, NY",2026-03-13,False,https://jooble.org/jdp/4378091654243790418,Jooble,Chief of Staff
3,Chief of Staff,Confidential,"Indianapolis, IN",2026-03-17,False,https://jooble.org/jdp/-1732667270602740290,Jooble,Chief of Staff
3,Chief of Staff,Confidential,"Denver, CO",2026-03-14,False,https://jooble.org/jdp/845001054873846243,Jooble,Chief of Staff
3,Chief of Staff,Spruce,"New York, NY",2026-03-15,False,https://jooble.org/jdp/8141574338995833192,Jooble,Chief of Staff
3,Chief of Staff,"Raycon, Inc.","New York, NY",2026-02-22,False,https://jooble.org/jdp/4420869851646016166,Jooble,Chief of Staff
3,Chief of Staff,Goodpath,"Cambridge, MA",2026-03-16,False,https://jooble.org/jdp/-3382269870217814990,Jooble,Chief of Staff
3,Chief of Staff,Douglas Elliman Real Estate,"Miami Beach, FL",2026-03-15,False,https://jooble.org/jdp/-1496063525118507891,Jooble,Chief of Staff
3,Chief of Staff,The Fairness Project,"Seattle, WA",2026-03-15,False,https://jooble.org/jdp/-7222469034038852492,Jooble,Chief of Staff
3,Chief of Staff,GMMI Inc.,"San Diego, CA",2026-03-14,False,https://jooble.org/jdp/3747521438291234854,Jooble,Chief of Staff
3,Chief of Staff,Amentum,Washington DC,2026-03-15,False,https://jooble.org/jdp/-242549761904076905,Jooble,Chief of Staff
3,Chief of Staff,MLabs Ltd,"New York, NY",2026-03-17,False,https://jooble.org/jdp/-6684426169728493318,Jooble,Chief of Staff
3,Chief of Staff (m/w/d) mit Fokus auf Go-to-Market,Digetiers GmbH,"New Bremen, OH",2026-03-15,False,https://jooble.org/jdp/-2202943650829539906,Jooble,Chief of Staff
3,Senior Workforce Planning Specialist,Lego,"Tempe, AZ",2026-03-17,False,https://jooble.org/jdp/-5661486300154478111,Jooble,Workforce Planning
3,Sr Workforce Capacity Planner,Citizens Bank,"Johnston, RI",2026-03-17,False,https://jooble.org/jdp/-4056733857456530200,Jooble,Workforce Planning
3,Workforce Planning Specialist - Oahu,HAWAIIAN ELECTRIC CO.,"Honolulu, HI",2026-03-17,False,https://jooble.org/jdp/3754876688958890096,Jooble,Workforce Planning
3,Director of Strategic Workforce Planning,USAA Property and Casualty Insurance Group,"Charlotte, NC",2026-03-16,False,https://jooble.org/jdp/-3156709126320541875,Jooble,Workforce Planning
2,Organizational Effectiveness Consultant,Lake Michigan Credit Union,"Grand Rapids, Kent County",2026-02-25,True,https://www.adzuna.com/details/5645522733?utm_medium=api&utm_source=0f860342,Adzuna,Remote
2,Change Management Analyst,Maximus,"Conway, Faulkner County",2026-03-12,True,https://www.adzuna.com/land/ad/5663080018?se=KHXpM6Ij8RG33tIVupBjkQ&utm_medium=api&utm_source=0f860342&v=B66A38C4451AC7B69E5FEC38D5A92D9D6E56400E,Adzuna,Remote
2,Change Management Analyst,Maximus,"Dallas, Texas",2026-03-12,True,https://www.adzuna.com/land/ad/5663080095?se=KHXpM6Ij8RG33tIVupBjkQ&utm_medium=api&utm_source=0f860342&v=9208820A22A9468282543C29DADE06179210061C,Adzuna,Remote
2,Change Management Analyst,Maximus,"Cranston, Providence County",2026-03-12,True,https://www.adzuna.com/land/ad/5663080164?se=KHXpM6Ij8RG33tIVupBjkQ&utm_medium=api&utm_source=0f860342&v=3FD222066DD6075C35EB05F0FB2F32B7FD1CB57F,Adzuna,Remote
2,Change Management Analyst,Maximus,"Topeka, Shawnee County",2026-03-14,True,https://www.adzuna.com/land/ad/5665352887?se=KHXpM6Ij8RG33tIVupBjkQ&utm_medium=api&utm_source=0f860342&v=943D39BAB6CB9FA6F5E9E4530AFDE71FBF1CA238,Adzuna,Remote
2,Change Management Analyst,Maximus,"Derry, Rockingham County",2026-03-14,True,https://www.adzuna.com/land/ad/5665352878?se=KHXpM6Ij8RG33tIVupBjkQ&utm_medium=api&utm_source=0f860342&v=19F4436A372B8E18A948181FCE0C16BF81DD153D,Adzuna,Remote
2,Change Management Analyst,Maximus,"Pawtucket, Providence County",2026-03-14,True,https://www.adzuna.com/land/ad/5665352886?se=KHXpM6Ij8RG33tIVupBjkQ&utm_medium=api&utm_source=0f860342&v=C8096CA13430F081434FC79D0DEAC853A7993D7C,Adzuna,Remote
2,Change Management Analyst,Maximus,"New Brunswick, Middlesex County",2026-03-14,True,https://www.adzuna.com/land/ad/5665352819?se=KHXpM6Ij8RG33tIVupBjkQ&utm_medium=api&utm_source=0f860342&v=A361CE86A4D794F6C946A1CE155A680C7ABB0B66,Adzuna,Remote
2,Change Management Analyst,Maximus,"Frederick, Frederick County",2026-03-14,True,https://www.adzuna.com/land/ad/5665352845?se=KHXpM6Ij8RG33tIVupBjkQ&utm_medium=api&utm_source=0f860342&v=3D9CAE86475C0AA5C09619BD5A298C9012CA5649,Adzuna,Remote
2,Change Management Analyst,Maximus,"Conway, Horry County",2026-03-12,True,https://www.adzuna.com/land/ad/5663080134?se=KHXpM6Ij8RG33tIVupBjkQ&utm_medium=api&utm_source=0f860342&v=C3C84CB0D542DB579AB1CD38ED72E6B2A32C76C9,Adzuna,Remote
2,Change Management Analyst,Maximus,"Norwalk, Fairfield County",2026-03-12,True,https://www.adzuna.com/land/ad/5663080169?se=KHXpM6Ij8RG33tIVupBjkQ&utm_medium=api&utm_source=0f860342&v=02386C764822489733DE41959912BE4474F26550,Adzuna,Remote
2,Change Management Analyst,Maximus,"Albuquerque, Bernalillo County",2026-03-12,True,https://www.adzuna.com/land/ad/5663080130?se=KHXpM6Ij8RG33tIVupBjkQ&utm_medium=api&utm_source=0f860342&v=A64CAE4029F32E141C1402AD8B3EE721541204F8,Adzuna,Remote
2,Change Management Analyst,Maximus,"Sioux Falls, Minnehaha County",2026-03-12,True,https://www.adzuna.com/land/ad/5663080017?se=KHXpM6Ij8RG33tIVupBjkQ&utm_medium=api&utm_source=0f860342&v=E92BD2BAB9B40A97AD79527339E576403BE517C3,Adzuna,Remote
2,Change Management Analyst,Maximus,"Henderson, Clark County",2026-03-12,True,https://www.adzuna.com/land/ad/5663080092?se=KHXpM6Ij8RG33tIVupBjkQ&utm_medium=api&utm_source=0f860342&v=40942EFE50A6A05F078A8DEED434F13FF93320C2,Adzuna,Remote
2,Change Management Analyst,Maximus,"Huntsville, Madison County",2026-03-12,True,https://www.adzuna.com/land/ad/5663080135?se=KHXpM6Ij8RG33tIVupBjkQ&utm_medium=api&utm_source=0f860342&v=5CC23F19E55CACE048931B5B9B72A59DED0F0A78,Adzuna,Remote
2,Change Management Analyst,Maximus,"Rapid City, Pennington County",2026-03-12,True,https://www.adzuna.com/land/ad/5663080090?se=KHXpM6Ij8RG33tIVupBjkQ&utm_medium=api&utm_source=0f860342&v=9A973C2382918CC9BD36FCF68FE58BA087DDB71B,Adzuna,Remote
2,Change Management Analyst,Maximus,"Memphis, Shelby County",2026-03-12,True,https://www.adzuna.com/land/ad/5663080027?se=KHXpM6Ij8RG33tIVupBjkQ&utm_medium=api&utm_source=0f860342&v=756783ED6ADEE17CAF82DD2E789470714A440282,Adzuna,Remote
2,Change Management Analyst,Maximus,"Providence, Providence County",2026-03-12,True,https://www.adzuna.com/land/ad/5663080120?se=KHXpM6Ij8RG33tIVupBjkQ&utm_medium=api&utm_source=0f860342&v=1C3BA6785117DFF69CFD832E36D3DCA593A2C3E6,Adzuna,Remote
2,Change Management Analyst,Maximus,"Phoenix, Maricopa County",2026-03-12,True,https://www.adzuna.com/land/ad/5663080022?se=KHXpM6Ij8RG33tIVupBjkQ&utm_medium=api&utm_source=0f860342&v=6D9023954C9CD498A5A958F626406D154334202F,Adzuna,Remote
2,Change Management Analyst,Maximus,"Menomonie, Dunn County",2026-03-12,True,https://www.adzuna.com/land/ad/5663080140?se=KHXpM6Ij8RG33tIVupBjkQ&utm_medium=api&utm_source=0f860342&v=ED9083C45B01478FF42C437AA912AE244225244E,Adzuna,Remote
2,Change Management Analyst,Maximus,"Kenosha, Kenosha County",2026-03-12,True,https://www.adzuna.com/land/ad/5663080077?se=KHXpM6Ij8RG33tIVupBjkQ&utm_medium=api&utm_source=0f860342&v=67CE086CF87B0DF749AD3DE870D0AE1E1830EEA5,Adzuna,Remote
2,Change Management Analyst,Maximus,"New Haven, New Haven County",2026-03-12,True,https://www.adzuna.com/land/ad/5663080016?se=KHXpM6Ij8RG33tIVupBjkQ&utm_medium=api&utm_source=0f860342&v=E0F4D11A60EC0110BD41B53497FCE6C5F7A80BCC,Adzuna,Remote
2,Change Management Analyst,Maximus,"Stockton, San Joaquin County",2026-03-12,True,https://www.adzuna.com/land/ad/5663080168?se=KHXpM6Ij8RG33tIVupBjkQ&utm_medium=api&utm_source=0f860342&v=FC2619A0A892FAC4E469911B0CA353B65BF9AFAD,Adzuna,Remote
2,Change Management Analyst,Maximus,"Omaha, Douglas County",2026-03-12,True,https://www.adzuna.com/land/ad/5663080031?se=KHXpM6Ij8RG33tIVupBjkQ&utm_medium=api&utm_source=0f860342&v=258F890EBDCA29977D14E1F0C657E828A569C9CD,Adzuna,Remote
2,Change Management Analyst,Maximus,"Fort Smith, Sebastian County",2026-03-12,True,https://www.adzuna.com/land/ad/5663080125?se=KHXpM6Ij8RG33tIVupBjkQ&utm_medium=api&utm_source=0f860342&v=FBA2B616ADCFBCBE19A203916B6368E4731B8E82,Adzuna,Remote
2,Change Management Analyst,Maximus,"Pittsburgh, Allegheny County",2026-03-12,True,https://www.adzuna.com/land/ad/5663080173?se=KHXpM6Ij8RG33tIVupBjkQ&utm_medium=api&utm_source=0f860342&v=DEDD29222D7D8C1F80871CB6449424113E8F014E,Adzuna,Remote
2,Change Management Analyst,Maximus,"Vancouver, Clark County",2026-03-12,True,https://www.adzuna.com/land/ad/5663080170?se=KHXpM6Ij8RG33tIVupBjkQ&utm_medium=api&utm_source=0f860342&v=30CF3B2C3DF3CC4938247BA2D8235986F0D209EF,Adzuna,Remote
2,Change Management Analyst,Maximus,"Burlington, Chittenden County",2026-03-12,True,https://www.adzuna.com/land/ad/5663080138?se=KHXpM6Ij8RG33tIVupBjkQ&utm_medium=api&utm_source=0f860342&v=01ABD53F2253E5062FD67CCA175F3E9F03A6DFE5,Adzuna,Remote
2,Change Management Analyst,Maximus,"West Jordan, Salt Lake County",2026-03-12,True,https://www.adzuna.com/land/ad/5663080147?se=KHXpM6Ij8RG33tIVupBjkQ&utm_medium=api&utm_source=0f860342&v=39333924A625510E77FA92DA7091DC8DA6E88253,Adzuna,Remote
2,Change Management Analyst,Maximus,"Concord, Merrimack County",2026-03-12,True,https://www.adzuna.com/land/ad/5663080165?se=KHXpM6Ij8RG33tIVupBjkQ&utm_medium=api&utm_source=0f860342&v=1E879F4D37F31FE43EAE94D7E55627DB043D24C3,Adzuna,Remote
2,Change Management Analyst,Maximus,"Macon, Bibb County",2026-03-12,True,https://www.adzuna.com/land/ad/5663080010?se=KHXpM6Ij8RG33tIVupBjkQ&utm_medium=api&utm_source=0f860342&v=BEE9B5A7D221985C6F1E3FBF4833A4DBAA6A99A8,Adzuna,Remote
2,Change Management Analyst,Maximus,"South Bend, St. Joseph County",2026-03-12,True,https://www.adzuna.com/land/ad/5663080014?se=KHXpM6Ij8RG33tIVupBjkQ&utm_medium=api&utm_source=0f860342&v=E52A51C4BD8352692A40C21338C76C61217871F9,Adzuna,Remote
2,Change Management Analyst,Maximus,"Aberdeen, Brown County",2026-03-12,True,https://www.adzuna.com/land/ad/5663080049?se=KHXpM6Ij8RG33tIVupBjkQ&utm_medium=api&utm_source=0f860342&v=0D43BFA878F59921406BC40CE0B26B9362242D9A,Adzuna,Remote
2,Change Management Analyst,Maximus,"North Dartmouth, Bristol County",2026-03-12,True,https://www.adzuna.com/land/ad/5663080146?se=KHXpM6Ij8RG33tIVupBjkQ&utm_medium=api&utm_source=0f860342&v=0ED8EDF813588FC8DCB5768833131B82B3353490,Adzuna,Remote
2,Change Management Analyst,Maximus,"Chattanooga, Hamilton County",2026-03-12,True,https://www.adzuna.com/land/ad/5663080137?se=KHXpM6Ij8RG33tIVupBjkQ&utm_medium=api&utm_source=0f860342&v=564662F026B7626AEA124B7B5BC2ABA17ACBB561,Adzuna,Remote
2,Change Management Analyst,Maximus,"Idaho Falls, Bonneville County",2026-03-12,True,https://www.adzuna.com/land/ad/5663080072?se=KHXpM6Ij8RG33tIVupBjkQ&utm_medium=api&utm_source=0f860342&v=D1B0A08D60C2F4DB3E14B9AF2AC7F804BDC10261,Adzuna,Remote
2,Change Management Analyst,Maximus,"San Luis Obispo, San Luis Obispo County",2026-03-14,True,https://www.adzuna.com/land/ad/5665352862?se=KHXpM6Ij8RG33tIVupBjkQ&utm_medium=api&utm_source=0f860342&v=4FC18A15D4061C777BBACF3D827C744F06D67EDA,Adzuna,Remote
2,Change Management Analyst,Maximus,"Tallahassee, Leon County",2026-03-14,True,https://www.adzuna.com/land/ad/5665352871?se=KHXpM6Ij8RG33tIVupBjkQ&utm_medium=api&utm_source=0f860342&v=63102C1C6A07C6E6900391DD4EECBB036D110302,Adzuna,Remote
2,Change Management Analyst,Maximus,"Spokane, Spokane County",2026-03-14,True,https://www.adzuna.com/land/ad/5665352877?se=KHXpM6Ij8RG33tIVupBjkQ&utm_medium=api&utm_source=0f860342&v=EA7910A424AFEBE4429F5DE3F33D8B151A074B8B,Adzuna,Remote
2,Change Management Analyst,Maximus,"Ann Arbor, Washtenaw County",2026-03-14,True,https://www.adzuna.com/land/ad/5665352857?se=KHXpM6Ij8RG33tIVupBjkQ&utm_medium=api&utm_source=0f860342&v=7B64F19FB1B0221ED68E24BF0FEE98F70BD0DDA0,Adzuna,Remote
2,Change Management Analyst,Maximus,"Iowa City, Johnson County",2026-03-14,True,https://www.adzuna.com/land/ad/5665352888?se=KHXpM6Ij8RG33tIVupBjkQ&utm_medium=api&utm_source=0f860342&v=F7FBD5342FB128C7C552E820E2104D3D565B3FA3,Adzuna,Remote
2,Change Management Analyst,Maximus,"Jersey City, Hudson County",2026-03-14,True,https://www.adzuna.com/land/ad/5665352890?se=KHXpM6Ij8RG33tIVupBjkQ&utm_medium=api&utm_source=0f860342&v=7EFB42187D57FC0399BB863790E4B38A0A5E11DF,Adzuna,Remote
2,Change Management Analyst,Maximus,"Los Angeles, Los Angeles County",2026-03-14,True,https://www.adzuna.com/land/ad/5665352843?se=KHXpM6Ij8RG33tIVupBjkQ&utm_medium=api&utm_source=0f860342&v=02012A55DDD73556BC07CFDC57D8017DA3E7CF6F,Adzuna,Remote
2,Change Management Analyst,Maximus,"El Paso, El Paso County",2026-03-14,True,https://www.adzuna.com/land/ad/5665352892?se=KHXpM6Ij8RG33tIVupBjkQ&utm_medium=api&utm_source=0f860342&v=FECA3E94B8A6B28809C395A11B49002D4F7DBFD5,Adzuna,Remote
2,Change Management Analyst,Maximus,"Augusta, Kennebec County",2026-03-14,True,https://www.adzuna.com/land/ad/5665352870?se=KHXpM6Ij8RG33tIVupBjkQ&utm_medium=api&utm_source=0f860342&v=FC522100F804F04605FD95B8A4393B57CE0C95C6,Adzuna,Remote
2,Change Management Analyst,Maximus,"Beaumont, Jefferson County",2026-03-14,True,https://www.adzuna.com/land/ad/5665352813?se=KHXpM6Ij8RG33tIVupBjkQ&utm_medium=api&utm_source=0f860342&v=7F90D93C36D5A07ED92E79D682EAF36908A0CD1B,Adzuna,Remote
2,Hybrid Director of Program Operations & Strategy,QUALITYstarsNY,"New York, NY",2026-03-15,True,https://jooble.org/jdp/-6987452294884356721,Jooble,Remote
2,Director of Program Operations - Remote & High-Impact,Delta Dental of Massachusetts,"Boston, MA",2026-03-16,True,https://jooble.org/jdp/-4091260498969962610,Jooble,Remote
2,Director of Program Operations QUALITYstarsNY,Research Foundation Cuny,"New York, NY",2026-03-15,True,https://jooble.org/jdp/5784040099358042659,Jooble,Remote
2,"Senior Director, Operations - Tampa, FL",Akumin Inc.,"Jacksonville, FL",2026-03-16,True,https://jooble.org/jdp/-3101816216843121901,Jooble,Remote
2,Technical Program Manager,Cypress HCM,"San Jose, CA",2026-03-15,True,https://jooble.org/jdp/-1914581716666207765,Jooble,Remote
2,IT - Program Manager | SAP Technical | S4 HANA,SysMind Tech,"Durham, NC",2026-03-17,True,https://jooble.org/jdp/6991323111331626963,Jooble,Remote
2,Strategic Technical Program Manager (Contract) Remote,Cypress HCM,"San Francisco, CA",2026-03-14,True,https://jooble.org/jdp/2294122896575820525,Jooble,Remote
2,Strategic Technical Program Manager — Remote Options,Ieeerusb,"Los Angeles, CA",2026-03-17,True,https://jooble.org/jdp/-2975759561141948917,Jooble,Remote
2,Technical Program Manager II,ApTask Global Workforce,"California, MO",2026-03-14,True,https://jooble.org/jdp/-7717309273841759962,Jooble,Remote
2,Technical Program Manager IV- Remote,Quik Hire Staffing,"New Bremen, OH",2026-03-15,True,https://jooble.org/jdp/-8913372240674971544,Jooble,Remote
2,Technical Program Manager,Auria Space,"Denver, CO",2026-03-16,True,https://jooble.org/jdp/-1346073646305564666,Jooble,Remote
2,"Technical Program Manager - Air, Space, and Homeland Defense",Sitreps2steercos,Washington DC,2026-03-15,True,https://jooble.org/jdp/-7943720842794841070,Jooble,Remote
2,Technical Program Manager,NightDragon Acquisition Corp.,"Arlington, VA",2026-03-17,True,https://jooble.org/jdp/1313654571355188645,Jooble,Remote
2,AI-Driven Workforce Planner (Remote),CAI,"Boise, ID",2026-03-14,True,https://jooble.org/jdp/487189688392213729,Jooble,Remote
2,Remote Shipboard Workforce Planner — Forecast & Staffing,Carnival Corporation & plc,"Miami, FL",2026-03-17,True,https://jooble.org/jdp/-8599428410013629510,Jooble,Remote
2,Organizational Design Consultant,Pyrovio,Remote,2026-03-01,True,https://jooble.org/jdp/5105083816017239438,Jooble,Remote
2,"Director, Change Management, Sales Operations & Effectiveness",Bdjobs.com,Remote,2026-02-27,True,https://jooble.org/jdp/-3560568686181557860,Jooble,Remote
2,Cardiovascular Clinical Effectiveness Health Data Specialist - Cardiovascular Registry Abstractor,Sentara Healthcare,Remote,2026-02-27,True,https://jooble.org/jdp/7702236099111959987,Jooble,Remote
2,Portfolio Consultant,Mercer Advisors,Remote,2026-03-12,True,https://jooble.org/jdp/911634113160480640,Jooble,Remote
2,Recruiter,ComputerCare,Remote,2026-03-05,True,https://jooble.org/jdp/8614296965082983971,Jooble,Remote
2,Quality Analyst,Next Insurance,Remote,2026-03-02,True,https://jooble.org/jdp/2146306829805623982,Jooble,Remote
2,Business Development Specialist - SMB,NavVis,Remote,2026-03-06,True,https://jooble.org/jdp/-448495604934411818,Jooble,Remote
2,Associate Video Producer,Saviynt,Remote,2026-02-21,True,https://jooble.org/jdp/2867404742911181426,Jooble,Remote
2,"Coordinator, IT & AI Readiness",e.l.f. Beauty,Remote,2026-03-04,True,https://jooble.org/jdp/-778276094236301016,Jooble,Remote
2,PDM & Change Lead for NPI Programs - Remote,"Arlo Technologies, Inc.","Richmond, VA",2026-03-15,True,https://jooble.org/jdp/-2638489788294991584,Jooble,Remote
2,Remote Change & Project Leader - Communications & Training,Sand Cherry,Washington DC,2026-03-15,True,https://jooble.org/jdp/6584863638493066362,Jooble,Remote
2,Remote Project Manager — 3-Month Change Lead,NTT DATA North America,"Des Moines, IA",2026-03-16,True,https://jooble.org/jdp/-3594640572004318685,Jooble,Remote
2,Physician (Radiologist),Veterans Health Administration,"Anywhere in the U.S. (remote job), United States",2026-03-05,True,https://www.usajobs.gov:443/job/860027000,USAJobs,Remote
2,Physician (Chief of Imaging),Veterans Health Administration,"Anywhere in the U.S. (remote job), United States",2026-02-18,True,https://www.usajobs.gov:443/job/858113600,USAJobs,Remote
2,Physician - Diagnostic Radiology,Veterans Health Administration,"Anywhere in the U.S. (remote job), United States",2026-02-27,True,https://www.usajobs.gov:443/job/859352700,USAJobs,Remote
2,Staff Psychologist (Pain) - Remote w/EDRP,Veterans Health Administration,"Anywhere in the U.S. (remote job), United States",2026-02-20,True,https://www.usajobs.gov:443/job/858415800,USAJobs,Remote
0,IT Service Manager,Hitachi Energy,"Bangalore, India, Krakow, Poland",2026-02-25,False,https://www.themuse.com/jobs/hitachienergy/it-service-manager-634056,TheMuse,
0,Director of Operations (RN),Agape Care Group,"Uncle Sam, Saint James Parish",2026-03-12,False,https://www.adzuna.com/land/ad/5662615722?se=Pj3dL6Ij8RGbT4csP_A96Q&utm_medium=api&utm_source=0f860342&v=2B14D20B6AC1147F76BEF52D2B5F242DF5FE6644,Adzuna,
0,Director of Operations (RN),Agape Care Group,"Edgard, St. John the Baptist Parish",2026-03-12,False,https://www.adzuna.com/land/ad/5662615734?se=Pj3dL6Ij8RGbT4csP_A96Q&utm_medium=api&utm_source=0f860342&v=3AE4EE22651C07B2D150BB81A0E052C81B70FF40,Adzuna,
0,Director of Operations (RN),Agape Care Group,"Arcola, Tangipahoa Parish",2026-03-12,False,https://www.adzuna.com/land/ad/5662615719?se=Pj3dL6Ij8RGbT4csP_A96Q&utm_medium=api&utm_source=0f860342&v=BF9F5108255F2A5E72A26334259ED3F74D50814D,Adzuna,
0,Director of Operations (RN),Agape Care Group,"Hootenville, Saint Tammany Parish",2026-03-12,False,https://www.adzuna.com/land/ad/5662615832?se=Pj3dL6Ij8RGbT4csP_A96Q&utm_medium=api&utm_source=0f860342&v=1C38A83B64E23870A0D5226D8D3D8041AC6DE2C7,Adzuna,
0,Director of Operations (RN),Agape Care Group,"Slaughter, East Feliciana Parish",2026-03-12,False,https://www.adzuna.com/land/ad/5662615797?se=Pj3dL6Ij8RGbT4csP_A96Q&utm_medium=api&utm_source=0f860342&v=401D4677B5C655290098F09AE4FB24F8CDD3F677,Adzuna,
0,Director of Operations (RN),Agape Care Group,"Central, East Baton Rouge Parish",2026-03-12,False,https://www.adzuna.com/land/ad/5662615735?se=Pj3dL6Ij8RGbT4csP_A96Q&utm_medium=api&utm_source=0f860342&v=3F22C2317F4B5A6F8FF3BB062995E42621101EE2,Adzuna,
0,Director of Operations (RN),Agape Care Group,"Saint Amant, Ascension Parish",2026-03-12,False,https://www.adzuna.com/land/ad/5662615823?se=Pj3dL6Ij8RGbT4csP_A96Q&utm_medium=api&utm_source=0f860342&v=68EFADF60E02B5060CB888109F4D61CA6238AF69,Adzuna,
0,Director of Operations (RN),Agape Care Group,"Franklinton, Washington Parish",2026-03-12,False,https://www.adzuna.com/land/ad/5662615807?se=Pj3dL6Ij8RGbT4csP_A96Q&utm_medium=api&utm_source=0f860342&v=D37F5556E718B70D91D4F3B625E6959520C9E721,Adzuna,
0,Director of Operations (RN),Agape Care Group,"9 Mile Point, Jefferson Parish",2026-03-12,False,https://www.adzuna.com/land/ad/5662615723?se=Pj3dL6Ij8RGbT4csP_A96Q&utm_medium=api&utm_source=0f860342&v=62C40CCEE606F89AAB4885A8ADC10330DE0FA110,Adzuna,
0,Director of Operations (RN),Agape Care Group,"French Settlement, Livingston Parish",2026-03-12,False,https://www.adzuna.com/land/ad/5662615780?se=Pj3dL6Ij8RGbT4csP_A96Q&utm_medium=api&utm_source=0f860342&v=C55E61361929C2ACCCAE0F10DC06805A7A6D66F7,Adzuna,
0,Director of Operations (RN),Agape Care Group,"Wilson, East Feliciana Parish",2026-03-12,False,https://www.adzuna.com/land/ad/5662615765?se=Pj3dL6Ij8RGbT4csP_A96Q&utm_medium=api&utm_source=0f860342&v=EF1D1667C18E0FB88E2B180B3C32C6B1A0A95E3D,Adzuna,
0,Director of Operations (RN),Agape Care Group,"Lacombe, Saint Tammany Parish",2026-03-12,False,https://www.adzuna.com/land/ad/5662615736?se=Pj3dL6Ij8RGbT4csP_A96Q&utm_medium=api&utm_source=0f860342&v=EF1106BF9A03DA15E95EB0D998D18CEFE761400A,Adzuna,
0,Director of Operations (RN),Agape Care Group,"Tickfaw, Tangipahoa Parish",2026-03-12,False,https://www.adzuna.com/land/ad/5662615821?se=Pj3dL6Ij8RGbT4csP_A96Q&utm_medium=api&utm_source=0f860342&v=A0AAAD25990AFAF94C45322D768F216D33990074,Adzuna,
0,Director of Operations (RN),Agape Care Group,"Tangipahoa, Tangipahoa Parish",2026-03-12,False,https://www.adzuna.com/land/ad/5662615749?se=Pj3dL6Ij8RGbT4csP_A96Q&utm_medium=api&utm_source=0f860342&v=3A31CA37C8FE321DEFEA5A397F290E1C8AAFF3FA,Adzuna,
0,Director of Operations (RN),Agape Care Group,"Albany, Livingston Parish",2026-03-12,False,https://www.adzuna.com/land/ad/5662615742?se=Pj3dL6Ij8RGbT4csP_A96Q&utm_medium=api&utm_source=0f860342&v=4DC4C488DCCCF31E54628F7183B4A7C4C98A44EF,Adzuna,
0,Director of Operations (RN),Agape Care Group,"Greensburg, Saint Helena Parish",2026-03-12,False,https://www.adzuna.com/land/ad/5662615793?se=Pj3dL6Ij8RGbT4csP_A96Q&utm_medium=api&utm_source=0f860342&v=137F87A744B8CB448FB6B253C4F745A5288824B0,Adzuna,
0,Director of Operations (RN),Agape Care Group,"New Sarpy, Saint Charles Parish",2026-03-12,False,https://www.adzuna.com/land/ad/5662615750?se=Pj3dL6Ij8RGbT4csP_A96Q&utm_medium=api&utm_source=0f860342&v=21DCFF23B8478303C3FD8AA2B0B9CA39DCFF500E,Adzuna,
0,Director of Operations (RN),Agape Care Group,"Sun, Saint Tammany Parish",2026-03-12,False,https://www.adzuna.com/land/ad/5662615794?se=Pj3dL6Ij8RGbT4csP_A96Q&utm_medium=api&utm_source=0f860342&v=52D553B4AA13AC7988679CDF7BCBDCA2D7476D76,Adzuna,
0,Director of Operations (RN),Agape Care Group,"Gramercy, Saint James Parish",2026-03-12,False,https://www.adzuna.com/land/ad/5662615746?se=Pj3dL6Ij8RGbT4csP_A96Q&utm_medium=api&utm_source=0f860342&v=B9E276F6339B6CA0A79D865FFA50C5064322C611,Adzuna,
0,Director of Operations (RN),Agape Care Group,"Boutte, St. Charles Parish County",2026-03-12,False,https://www.adzuna.com/land/ad/5662615781?se=Pj3dL6Ij8RGbT4csP_A96Q&utm_medium=api&utm_source=0f860342&v=67EACA1CBA8E12D5190EC08B8B6147E48DF3433F,Adzuna,
0,Director of Operations (RN),Agape Care Group,"Sorrento, Ascension Parish",2026-03-12,False,https://www.adzuna.com/land/ad/5662615827?se=Pj3dL6Ij8RGbT4csP_A96Q&utm_medium=api&utm_source=0f860342&v=40C1BCDF6B01A572FBC150BBA2B171C4FC3DD7D8,Adzuna,
0,Director of Operations (RN),Agape Care Group,"Hahnville, Saint Charles Parish",2026-03-12,False,https://www.adzuna.com/land/ad/5662615733?se=Pj3dL6Ij8RGbT4csP_A96Q&utm_medium=api&utm_source=0f860342&v=9F7541A604DECE3737E216A698A5DA3DF7E4D8B2,Adzuna,
0,Director of Operations (RN),Agape Care Group,"Amite, Tangipahoa Parish",2026-03-12,False,https://www.adzuna.com/land/ad/5662615801?se=Pj3dL6Ij8RGbT4csP_A96Q&utm_medium=api&utm_source=0f860342&v=32ABB3FD493BA1ABA77DDC68AE4980B75CEE81FF,Adzuna,
0,Director of Operations (RN),Agape Care Group,"Lees Creek, Washington Parish",2026-03-12,False,https://www.adzuna.com/land/ad/5662615771?se=Pj3dL6Ij8RGbT4csP_A96Q&utm_medium=api&utm_source=0f860342&v=B8CF48CD0FBEF02CD7699C2D5A3CFB88CB65119A,Adzuna,
0,Director of Operations (RN),Agape Care Group,"Hammond, Tangipahoa Parish",2026-03-12,False,https://www.adzuna.com/land/ad/5662615748?se=Pj3dL6Ij8RGbT4csP_A96Q&utm_medium=api&utm_source=0f860342&v=AED47BED4F451083CB1D3F2D591CD63D19214250,Adzuna,
0,Director of Operations (RN),Agape Care Group,"Norwood, East Feliciana Parish",2026-03-12,False,https://www.adzuna.com/land/ad/5662615814?se=Pj3dL6Ij8RGbT4csP_A96Q&utm_medium=api&utm_source=0f860342&v=12E909C3268243AC25B41B719816E6FF58A01E35,Adzuna,
0,Director of Operations (RN),Agape Care Group,"Lewisburg, Saint Tammany Parish",2026-03-12,False,https://www.adzuna.com/land/ad/5662615720?se=Pj3dL6Ij8RGbT4csP_A96Q&utm_medium=api&utm_source=0f860342&v=6422A967432F4DF93BFE7C9218424C2579234946,Adzuna,
0,Director of Operations (RN),Agape Care Group,"Ama, St. Charles Parish",2026-03-12,False,https://www.adzuna.com/land/ad/5662615725?se=Pj3dL6Ij8RGbT4csP_A96Q&utm_medium=api&utm_source=0f860342&v=67EF57ABB55D6FF50593BFE80ECBDC85EFAC0D2B,Adzuna,
0,Director of Operations (RN),Agape Care Group,"Walker, Livingston Parish",2026-03-12,False,https://www.adzuna.com/land/ad/5662615767?se=Pj3dL6Ij8RGbT4csP_A96Q&utm_medium=api&utm_source=0f860342&v=0FF3E50B767E2389FF4CAF3DA0FAE8D1B733008D,Adzuna,
0,Director of Operations (RN),Agape Care Group,"Bush, Saint Tammany Parish",2026-03-12,False,https://www.adzuna.com/land/ad/5662615717?se=Pj3dL6Ij8RGbT4csP_A96Q&utm_medium=api&utm_source=0f860342&v=FE581211F73AA866BBAB5D30177792AB72B79DB7,Adzuna,
0,Director of Operations (RN),Agape Care Group,"Slidell, Saint Tammany Parish",2026-03-12,False,https://www.adzuna.com/land/ad/5662615724?se=Pj3dL6Ij8RGbT4csP_A96Q&utm_medium=api&utm_source=0f860342&v=CC97C14C7BE0431D5B43424BEFF58C1ECEACD995,Adzuna,
0,Director of Operations (RN),Agape Care Group,"La Place, St. John the Baptist Parish",2026-03-12,False,https://www.adzuna.com/land/ad/5662615768?se=Pj3dL6Ij8RGbT4csP_A96Q&utm_medium=api&utm_source=0f860342&v=915738F2BEF8A21BF9F9C6995D045416C1E7012A,Adzuna,
0,Director of Operations (RN),Agape Care Group,"Abita Springs, Saint Tammany Parish",2026-03-12,False,https://www.adzuna.com/land/ad/5662615738?se=Pj3dL6Ij8RGbT4csP_A96Q&utm_medium=api&utm_source=0f860342&v=FCD11F24FB9DA6EF7607F2E581D8A94BFB9FB2B4,Adzuna,
0,Director of Operations (RN),Agape Care Group,"Convent, St. James Parish County",2026-03-12,False,https://www.adzuna.com/land/ad/5662615721?se=Pj3dL6Ij8RGbT4csP_A96Q&utm_medium=api&utm_source=0f860342&v=25C333DA6CC4DA583B55489775448088F46854DA,Adzuna,
0,Director of Operations (RN),Agape Care Group,"Ormond, Saint Charles Parish",2026-03-12,False,https://www.adzuna.com/land/ad/5662615744?se=Pj3dL6Ij8RGbT4csP_A96Q&utm_medium=api&utm_source=0f860342&v=59380499867E43F15F912340A315C8040A462C1D,Adzuna,
0,Director of Operations (RN),Agape Care Group,"Springcreek, Tangipahoa Parish",2026-03-12,False,https://www.adzuna.com/land/ad/5662615842?se=Pj3dL6Ij8RGbT4csP_A96Q&utm_medium=api&utm_source=0f860342&v=DF32FAFAAC42C7DFEA9FC76F9E2A61B12B9F8637,Adzuna,
0,Director of Operations (RN),Agape Care Group,"Livingston, Livingston Parish",2026-03-12,False,https://www.adzuna.com/land/ad/5662615799?se=Pj3dL6Ij8RGbT4csP_A96Q&utm_medium=api&utm_source=0f860342&v=B26C614FB737BC0A7C6959DC768899E5EF806B1B,Adzuna,
0,Director of Operations (RN),Agape Care Group,"New Orleans, Orleans Parish",2026-03-12,False,https://www.adzuna.com/land/ad/5662615773?se=Pj3dL6Ij8RGbT4csP_A96Q&utm_medium=api&utm_source=0f860342&v=849ED07AFFFBAD876CF25F3608BE2589DBF55B30,Adzuna,
0,Director of Operations (RN),Agape Care Group,"Mount Hermon, Washington Parish",2026-03-12,False,https://www.adzuna.com/land/ad/5662615795?se=Pj3dL6Ij8RGbT4csP_A96Q&utm_medium=api&utm_source=0f860342&v=41CD90A1E885BBF912DE61F25E50F3563FD86C71,Adzuna,
0,Director of Operations (RN),Agape Care Group,"Prairieville, Ascension Parish",2026-03-12,False,https://www.adzuna.com/land/ad/5662615804?se=Pj3dL6Ij8RGbT4csP_A96Q&utm_medium=api&utm_source=0f860342&v=1CF328858AF35CE846BCDCEBB55981078742C901,Adzuna,
0,Director of Operations (RN),Agape Care Group,"Duplessis, Ascension Parish",2026-03-12,False,https://www.adzuna.com/land/ad/5662615829?se=Pj3dL6Ij8RGbT4csP_A96Q&utm_medium=api&utm_source=0f860342&v=1DCBC126E1310E4044814C43271B5AF6D5BF2821,Adzuna,
0,Director of Operations (RN),Agape Care Group,"Varnado, Washington Parish",2026-03-12,False,https://www.adzuna.com/land/ad/5662615756?se=Pj3dL6Ij8RGbT4csP_A96Q&utm_medium=api&utm_source=0f860342&v=D0C5069D7BCEEA0E2669DCD3E4902BBA728B1867,Adzuna,
0,Director of Operations (RN),Agape Care Group,"Des Allemands, Saint Charles Parish",2026-03-12,False,https://www.adzuna.com/land/ad/5662615803?se=Pj3dL6Ij8RGbT4csP_A96Q&utm_medium=api&utm_source=0f860342&v=649357122020EB7D4612026A742699FB2B77D3D9,Adzuna,
0,Director of Operations (RN),Agape Care Group,"Pearl River, Saint Tammany Parish",2026-03-12,False,https://www.adzuna.com/land/ad/5662615808?se=Pj3dL6Ij8RGbT4csP_A96Q&utm_medium=api&utm_source=0f860342&v=57DE7853727B8C5A006C2502AD9EEE40D754FC7D,Adzuna,
0,Director of Operations (RN),Agape Care Group,"Madisonville, Saint Tammany Parish",2026-03-12,False,https://www.adzuna.com/land/ad/5662615822?se=Pj3dL6Ij8RGbT4csP_A96Q&utm_medium=api&utm_source=0f860342&v=441BA3CE446954B803BF5E134BA3845B6F1C838B,Adzuna,
0,Director of Operations (RN),Agape Care Group,"Robert, Tangipahoa Parish County",2026-03-12,False,https://www.adzuna.com/land/ad/5662615818?se=Pj3dL6Ij8RGbT4csP_A96Q&utm_medium=api&utm_source=0f860342&v=E3FEB7BA0A4CE40799AC8752D733947E40FEDCFB,Adzuna,
0,Director of Operations (RN),Agape Care Group,"Baker, East Baton Rouge Parish",2026-03-12,False,https://www.adzuna.com/land/ad/5662615805?se=Pj3dL6Ij8RGbT4csP_A96Q&utm_medium=api&utm_source=0f860342&v=6B5994C4A5DFB5392BBF64F453A5A2D5E61F47BA,Adzuna,
0,Director of Operations (RN),Agape Care Group,"Geismar, Ascension Parish",2026-03-12,False,https://www.adzuna.com/land/ad/5662615812?se=Pj3dL6Ij8RGbT4csP_A96Q&utm_medium=api&utm_source=0f860342&v=1D2B47017453674E3F5B6E9019452F66C72B4587,Adzuna,
0,Director of Operations (RN),Agape Care Group,"Grangeville, Tangipahoa Parish",2026-03-12,False,https://www.adzuna.com/land/ad/5662615757?se=Pj3dL6Ij8RGbT4csP_A96Q&utm_medium=api&utm_source=0f860342&v=74931735E8D3DE6992CE6C93441CE3FBA83E9604,Adzuna,
0,Director of Operations (RN),Agape Care Group,"Folsom, Saint Tammany Parish",2026-03-12,False,https://www.adzuna.com/land/ad/5662615785?se=Pj3dL6Ij8RGbT4csP_A96Q&utm_medium=api&utm_source=0f860342&v=32028A3E826234E0E8D065DE5F28DF45BCEA1798,Adzuna,
0,Dialysis Program Manager,The Rehabilitation Institute of St. Louis West County,"Ballwin, Saint Louis County",2026-02-25,False,https://www.adzuna.com/land/ad/5644646671?se=SDXpMKIj8RGbT4csP_A96Q&utm_medium=api&utm_source=0f860342&v=2229017246320732C86BE8DC31D23E5C88ED7339,Adzuna,
0,Acute Dialysis Services Program Manager - RN,Fresenius Medical Care,"Simi Valley, Ventura County",2026-03-16,False,https://www.adzuna.com/land/ad/5668860566?se=SDXpMKIj8RGbT4csP_A96Q&utm_medium=api&utm_source=0f860342&v=ACF3E6EFFC252B00909E91A248D21E868B92B016,Adzuna,
0,Operations Program Manager,L3Harris Technologies,"South Camden, Camden County",2026-03-16,False,https://www.adzuna.com/land/ad/5668727662?se=SDXpMKIj8RGbT4csP_A96Q&utm_medium=api&utm_source=0f860342&v=0494D90CD9EAFB524FF7DFA65F8DF873077122BC,Adzuna,
0,Operations Program Manager,L3Harris Technologies,"Bellmawr, Camden County",2026-03-16,False,https://www.adzuna.com/land/ad/5668727659?se=SDXpMKIj8RGbT4csP_A96Q&utm_medium=api&utm_source=0f860342&v=AFD75EE7F1B5CEC42B4235FF2DDA4C1CF738C84E,Adzuna,
0,Operations Program Manager,L3Harris Technologies,"Feasterville Trevose, Bucks County",2026-03-16,False,https://www.adzuna.com/land/ad/5668727657?se=SDXpMKIj8RGbT4csP_A96Q&utm_medium=api&utm_source=0f860342&v=085A61BBDB9CF2C153D7DF9EE376CFA7162A0709,Adzuna,
0,Operations Program Manager,L3Harris Technologies,"Southeastern, Chester County",2026-03-16,False,https://www.adzuna.com/land/ad/5668727660?se=SDXpMKIj8RGbT4csP_A96Q&utm_medium=api&utm_source=0f860342&v=6A5FF096CA7502F99F062BDD11F782870EC55704,Adzuna,
0,Operations Program Manager,L3Harris Technologies,"Rydal, Montgomery County",2026-03-16,False,https://www.adzuna.com/land/ad/5668727658?se=SDXpMKIj8RGbT4csP_A96Q&utm_medium=api&utm_source=0f860342&v=78B9F6ABE7B075F1C1A1F818ACCDFF4AE962B501,Adzuna,
0,Data Governance Program Manager,Bryan Health,"Lincoln, Lancaster County",2026-03-02,False,https://www.adzuna.com/land/ad/5651419292?se=SDXpMKIj8RGbT4csP_A96Q&utm_medium=api&utm_source=0f860342&v=53340E48E1395C5C3C7E9E3161F2A0B48259EA72,Adzuna,
0,Principal Program Manager,L3Harris Technologies,"Manchester, Essex County",2026-03-16,False,https://www.adzuna.com/land/ad/5668344724?se=SDXpMKIj8RGbT4csP_A96Q&utm_medium=api&utm_source=0f860342&v=E46186A4EE998168D12EFE13691C96A35A6E628B,Adzuna,
0,Principal Program Manager,L3Harris Technologies,"Lincoln, Middlesex County",2026-03-16,False,https://www.adzuna.com/land/ad/5668344743?se=SDXpMKIj8RGbT4csP_A96Q&utm_medium=api&utm_source=0f860342&v=366D4BD28D5CC57B52CA3F6A6D645B29753B13A4,Adzuna,
0,Principal Program Manager,L3Harris Technologies,"Newton Highlands, Middlesex County",2026-03-16,False,https://www.adzuna.com/land/ad/5668344825?se=SDXpMKIj8RGbT4csP_A96Q&utm_medium=api&utm_source=0f860342&v=90A10E61E9A81776B64B599915A8801B8C0ED9C2,Adzuna,
0,Principal Program Manager,L3Harris Technologies,"Westford, Middlesex County",2026-03-16,False,https://www.adzuna.com/land/ad/5668344807?se=SDXpMKIj8RGbT4csP_A96Q&utm_medium=api&utm_source=0f860342&v=DC982F396EA572EDAB1812F489B7961C4E69FB39,Adzuna,
0,Principal Program Manager,L3Harris Technologies,"Wilmington, Middlesex County",2026-03-16,False,https://www.adzuna.com/land/ad/5668344755?se=SDXpMKIj8RGbT4csP_A96Q&utm_medium=api&utm_source=0f860342&v=61043D157D968F3E8111C11946F862B1BF86614C,Adzuna,
0,Lead Program Manager,L3Harris Technologies,"Winchester, Middlesex County",2026-03-16,False,https://www.adzuna.com/land/ad/5668344860?se=SDXpMKIj8RGbT4csP_A96Q&utm_medium=api&utm_source=0f860342&v=35C35131A9D24FE362F851C36CEC53057149E871,Adzuna,
0,Lead Program Manager,L3Harris Technologies,"Stony Brook, Middlesex County",2026-03-16,False,https://www.adzuna.com/land/ad/5668344776?se=SDXpMKIj8RGbT4csP_A96Q&utm_medium=api&utm_source=0f860342&v=FB430F6CCE703D0E96B03093F92AECA28D2D332A,Adzuna,
0,Lead Program Manager,L3Harris Technologies,"Groveland, Essex County",2026-03-16,False,https://www.adzuna.com/land/ad/5668344786?se=SDXpMKIj8RGbT4csP_A96Q&utm_medium=api&utm_source=0f860342&v=2E672C84D4B681BE59F4F4D68F7D98B1341A979E,Adzuna,
0,Lead Program Manager,L3Harris Technologies,"Ayer, Middlesex County",2026-03-16,False,https://www.adzuna.com/land/ad/5668344751?se=SDXpMKIj8RGbT4csP_A96Q&utm_medium=api&utm_source=0f860342&v=16C7F6B892E65C8655A319D034F30B8EFF711B22,Adzuna,
0,Lead Program Manager,L3Harris Technologies,"Wilmington, Middlesex County",2026-03-16,False,https://www.adzuna.com/land/ad/5668344760?se=SDXpMKIj8RGbT4csP_A96Q&utm_medium=api&utm_source=0f860342&v=7B0A0CC5F8C4ABE6B761F7221A6294647E3BF942,Adzuna,
0,Hiring Event - Program Managers,L3Harris Technologies,"Placentia, Orange County",2026-03-16,False,https://www.adzuna.com/land/ad/5668344758?se=SDXpMKIj8RGbT4csP_A96Q&utm_medium=api&utm_source=0f860342&v=F2A4E60DA1F79B36B963A8D2EC82FEE0824FB560,Adzuna,
0,Hiring Event - Program Managers,L3Harris Technologies,"Yorba Linda, Orange County",2026-03-16,False,https://www.adzuna.com/land/ad/5668344788?se=SDXpMKIj8RGbT4csP_A96Q&utm_medium=api&utm_source=0f860342&v=85CBA50A8C14EDCB0EFE8A6B498F1CAC11B08EAD,Adzuna,
0,Hiring Event - Program Managers,L3Harris Technologies,"Sunkist, Orange County",2026-03-16,False,https://www.adzuna.com/land/ad/5668344717?se=SDXpMKIj8RGbT4csP_A96Q&utm_medium=api&utm_source=0f860342&v=E9C3BD064D82E1D421C2231EC2E4CBA9B08454D0,Adzuna,
0,Hiring Event - Program Managers,L3Harris Technologies,"Ladera Ranch, Orange County",2026-03-16,False,https://www.adzuna.com/land/ad/5668344832?se=SDXpMKIj8RGbT4csP_A96Q&utm_medium=api&utm_source=0f860342&v=9B9E7DCFC50E914BE5BEEE58D6A411D55A10D699,Adzuna,
0,Hiring Event - Program Managers,L3Harris Technologies,"Atwood, Orange County",2026-03-16,False,https://www.adzuna.com/land/ad/5668344762?se=SDXpMKIj8RGbT4csP_A96Q&utm_medium=api&utm_source=0f860342&v=40379FDC4D2E40D52EB5CA139532AEBAC7ECE1F7,Adzuna,
0,Nuclear Organizational Effectiveness Leader,Dominion Energy,"Jenkinsville, Fairfield County",2026-03-14,False,https://www.adzuna.com/land/ad/5665941235?se=lpG6MqIj8RGNNvXIQ7TemA&utm_medium=api&utm_source=0f860342&v=3466E2A92AAE35AD48BF846D84427893E2C6DD79,Adzuna,
0,Sr Manager Organizational Effectiveness/Organizational Design & Governance,TD Bank,"Conestee, Greenville County",2026-02-20,False,https://www.adzuna.com/land/ad/5639034705?se=lpG6MqIj8RGNNvXIQ7TemA&utm_medium=api&utm_source=0f860342&v=324DC96C806BDB05926870C51F9E2F77CADEE34A,Adzuna,
0,Sr Manager Organizational Effectiveness/Organizational Design & Governance,TD Bank,"Portland, Cumberland County",2026-02-20,False,https://www.adzuna.com/land/ad/5639026749?se=lpG6MqIj8RGNNvXIQ7TemA&utm_medium=api&utm_source=0f860342&v=58E0133C6ED68AA7630FD6BD920D34A7124F1A06,Adzuna,
0,Director of Organizational Effectiveness & Internal Communications,"Securitas Security Services USA, Inc.","Parsippany Troy Hills, Morris County",2026-03-13,False,https://www.adzuna.com/land/ad/5664658357?se=lpG6MqIj8RGNNvXIQ7TemA&utm_medium=api&utm_source=0f860342&v=92D826B16AB8BF0A641A3F00D5D4F2FE036DE5F5,Adzuna,
0,"Organizational Effectiveness Consultant V, Physician Group",Kaiser Permanente,"SoMa, San Francisco",2026-03-12,False,https://www.adzuna.com/land/ad/5662938971?se=lpG6MqIj8RGNNvXIQ7TemA&utm_medium=api&utm_source=0f860342&v=2E7FB669DBC0A51E7E9F2FDA0A69B21CC935A0D3,Adzuna,
0,Organizational Effectiveness Manager,KBH Industrial,"Baxley, Appling County",2026-03-11,False,https://www.adzuna.com/details/5661289075?utm_medium=api&utm_source=0f860342,Adzuna,
0,Organizational Effectiveness Specialist,Guidehouse,US,2026-03-15,False,https://www.adzuna.com/details/5667903288?utm_medium=api&utm_source=0f860342,Adzuna,
0,Organizational Effectiveness Specialist,Guidehouse,"Washington, D.C., US",2026-03-16,False,https://www.adzuna.com/land/ad/5669065988?se=lpG6MqIj8RGNNvXIQ7TemA&utm_medium=api&utm_source=0f860342&v=85E712CF0C5E5F6D576A1410A6863B74C7435CCD,Adzuna,
0,Organizational Effectiveness Specialist,Guidehouse,"Fort Myer, Arlington County",2026-03-16,False,https://www.adzuna.com/details/5668929373?utm_medium=api&utm_source=0f860342,Adzuna,
0,Organizational Effectiveness Leader,INPO External,"Vinnings, Cobb County",2026-02-19,False,https://www.adzuna.com/details/5636190215?utm_medium=api&utm_source=0f860342,Adzuna,
0,Organizational Effectiveness Lead,Choice Hotels,"North Bethesda, Montgomery County",2026-02-19,False,https://www.adzuna.com/details/5636296096?utm_medium=api&utm_source=0f860342,Adzuna,
0,"Manager, Organizational Effectiveness",AdventHealth,"Sebring, Highlands County",2026-03-12,False,https://www.adzuna.com/details/5662961801?utm_medium=api&utm_source=0f860342,Adzuna,
0,"Manager, Organizational Effectiveness",AdventHealth,"Lake Placid, Highlands County",2026-03-12,False,https://www.adzuna.com/details/5662961799?utm_medium=api&utm_source=0f860342,Adzuna,
0,Nuclear Organizational Effectiveness Consultant,Dominion Energy,"Staples Mill, Henrico County",2026-03-14,False,https://www.adzuna.com/details/5665819613?utm_medium=api&utm_source=0f860342,Adzuna,
0,Leadership and Organizational Effectiveness Intern,Ameren,"Saint Louis, Saint Louis County",2026-02-22,False,https://www.adzuna.com/details/5640882215?utm_medium=api&utm_source=0f860342,Adzuna,
0,Sr Manager Organizational Effectiveness/Organizational Design & Governance,TD Bank,"Mount Laurel Township, Burlington County",2026-02-20,False,https://www.adzuna.com/land/ad/5639112192?se=lpG6MqIj8RGNNvXIQ7TemA&utm_medium=api&utm_source=0f860342&v=C6CB715CB4B905F05C0266AFFD1505543F9C9F72,Adzuna,
0,Sr Manager Organizational Effectiveness/Organizational Design & Governance,TD Bank,"Edgewood, Orange County",2026-02-20,False,https://www.adzuna.com/details/5638952947?utm_medium=api&utm_source=0f860342,Adzuna,
0,Sr Manager Organizational Effectiveness/Organizational Design & Governance,TD Bank,"Mount Laurel, Burlington County",2026-02-22,False,https://www.adzuna.com/details/5640973674?utm_medium=api&utm_source=0f860342,Adzuna,
0,"Sr. Manager, Organizational Effectiveness & Strategy",Kinder's,"Walnut Creek, Contra Costa County",2026-02-27,False,https://www.adzuna.com/details/5647362024?utm_medium=api&utm_source=0f860342,Adzuna,
0,Vice President of Operations and Organizational Effectiveness,Haymarket Center,"Chicago, Cook County",2026-03-11,False,https://www.adzuna.com/details/5661852265?utm_medium=api&utm_source=0f860342,Adzuna,
0,Organizational Effectiveness Manager - Plant Hatch,Southern Company,"Cahaba Heights, Jefferson County",2026-02-22,False,https://www.adzuna.com/details/5641017076?utm_medium=api&utm_source=0f860342,Adzuna,
0,Director of Organizational Effectiveness & Internal Communications,Securitas,"Parsippany, Morris County",2026-03-14,False,https://www.adzuna.com/details/5665476872?utm_medium=api&utm_source=0f860342,Adzuna,
0,"Senior Director, Organizational Effectiveness and Development",Bristol Myers Squibb,"Princeton, Mercer County",2026-02-21,False,https://www.adzuna.com/details/5640230452?utm_medium=api&utm_source=0f860342,Adzuna,
0,"Director, Workforce Strategy & Organizational Effectiveness",Coca-Cola,"Atlanta, Fulton County",2026-03-14,False,https://www.adzuna.com/details/5665754322?utm_medium=api&utm_source=0f860342,Adzuna,
0,"Director, Workforce Strategy & Organizational Effectiveness",The Coca-Cola Company,"Atlanta, Fulton County",2026-03-14,False,https://www.adzuna.com/land/ad/5665974295?se=lpG6MqIj8RGNNvXIQ7TemA&utm_medium=api&utm_source=0f860342&v=0509C280D7774A9A142D5758493D9CCDEBC4853B,Adzuna,
0,Vice President of Operations and Organizational Effectiveness,Haymarket Center,"Greektown, Chicago",2026-03-13,False,https://www.adzuna.com/details/5663870282?utm_medium=api&utm_source=0f860342,Adzuna,
0,Change Management Specialist,"CSZNet, Inc.","Washington, D.C., US",2026-03-01,False,https://www.adzuna.com/land/ad/5650754059?se=KHXpM6Ij8RG33tIVupBjkQ&utm_medium=api&utm_source=0f860342&v=5923766CA01DFF87C8E7E02D81AC82A90E02078A,Adzuna,
0,Change Manager,ManpowerGroup,"Washington, D.C., US",2026-03-13,False,https://www.adzuna.com/land/ad/5664501388?se=KHXpM6Ij8RG33tIVupBjkQ&utm_medium=api&utm_source=0f860342&v=81577DC7BFF696AD6C1628B577EAA9C44A464280,Adzuna,
0,Change Manager with Security Clearance,E-volve Technology Systems,"Reston, Fairfax County",2026-02-21,False,https://www.adzuna.com/land/ad/5640443716?se=KHXpM6Ij8RG33tIVupBjkQ&utm_medium=api&utm_source=0f860342&v=48470E655B3D8F9C2324A777F0E6C9CAA56DDE8D,Adzuna,
0,"Director, Claims Operations (Field)",USAA,"Converse, TX",2026-03-16,False,https://jooble.org/jdp/-548586876388675664,Jooble,
0,Director of Operations,Dynamic,"Boston, MA",2026-03-16,False,https://jooble.org/jdp/6356641762624645660,Jooble,
0,"Assistant Director, Graduate Program Operations",https:/www.scheurer.org/careers/,"Cleveland, OH",2026-03-17,False,https://jooble.org/jdp/4557834422242624285,Jooble,
0,Assistant Director of Development Operations,Community FoodBank of New Jersey,"Hillside, NJ",2026-02-18,False,https://jooble.org/jdp/-5633213023513813741,Jooble,
0,"Senior Director, International Commercial Operations",Anastasia Beverly Hills,"New York, NY",2026-03-13,False,https://jooble.org/jdp/392611896859597646,Jooble,
0,"Director, CRM Programs & Operations",Crate and Barrel,"Northbrook, IL",2026-03-16,False,https://jooble.org/jdp/6800483423076507900,Jooble,
0,"Director, Program Operations",Delta Dental of Massachusetts,"Boston, MA",2026-03-16,False,https://jooble.org/jdp/-1743708141928853974,Jooble,
0,"Director, Program Operations",American Humane,"Los Angeles, CA",2026-03-16,False,https://jooble.org/jdp/2361792686008926028,Jooble,
0,"Senior Director, Proposal Operations and Capture Excellence",AAR Corp,"Atlanta, GA",2026-03-16,False,https://jooble.org/jdp/-4285972539079753482,Jooble,
0,Director of Program Operations,New Reach,"Tempe, AZ",2026-03-16,False,https://jooble.org/jdp/8712118167617963187,Jooble,
0,Technical Program Manager (Embedded Systems),Hanna Instruments,"Woonsocket, RI",2026-03-15,False,https://jooble.org/jdp/928226000452143051,Jooble,
0,Technical Program Manager 5 - Order Fulfillment Operations,Lam Research,"Tualatin, OR",2026-03-17,False,https://jooble.org/jdp/4896716408644487640,Jooble,
0,Technical Program Manager 2,"Choice Hotels International, Inc.","Scottsdale, AZ",2026-03-17,False,https://jooble.org/jdp/-1361318335093086525,Jooble,
0,Technical Program Manager,Muon Space,"San Jose, CA",2026-03-14,False,https://jooble.org/jdp/-5328976658175114276,Jooble,
0,"Technical Program Manager, Sandboxes",Stripe,"New York, NY",2026-03-17,False,https://jooble.org/jdp/-5114528411852180744,Jooble,
0,Technical Program Manager,Cerebras Systems,"Sunnyvale, CA",2026-03-17,False,https://jooble.org/jdp/8990331201651000989,Jooble,
0,Technical Program Manager,DEUNA,"San Francisco, CA",2026-03-15,False,https://jooble.org/jdp/-7908851634558326441,Jooble,
0,Sr Technical Programs Manager,American Water Works Association,"Denver, CO",2026-03-15,False,https://jooble.org/jdp/-8302149560846687247,Jooble,
0,Strategic Workforce Planner - Customer Care,Carvana,"Tempe, AZ",2026-03-17,False,https://jooble.org/jdp/-6820432622683999153,Jooble,
0,Senior Workforce Analytics & Capacity Planner,Safelite,"Columbus, OH",2026-03-15,False,https://jooble.org/jdp/3903968511017273911,Jooble,
0,Real-Time Workforce Planner,BetMGM,"Trenton, NJ",2026-03-15,False,https://jooble.org/jdp/8214928237518238119,Jooble,
0,Shipboard Workforce Planner,Carnival Corporation & plc,"Miami, FL",2026-03-14,False,https://jooble.org/jdp/5653091047163468407,Jooble,
0,Workforce Policy & Employee Relations Strategist,Triune Infomatics Inc,"San Francisco, CA",2026-03-15,False,https://jooble.org/jdp/-351292059664311386,Jooble,
0,Workforce Planner II,GovernmentJobs.com,"West Chester, PA",2026-03-15,False,https://jooble.org/jdp/-5527637590956501214,Jooble,
0,Policy and Systems Change Planner - Planner Principal State,Minnesota Department of Health,"Saint Paul, MN",2026-03-07,False,https://jooble.org/jdp/2623248444039079096,Jooble,
0,EJ Integration Specialist Senior - Planner Senior State,Minnesota Pollution Control Agency,Minnesota,2026-03-06,False,https://jooble.org/jdp/4005576739620758013,Jooble,
0,Sr Change Management Specialist (Strategic Consumer Banking Transformation),TD Securities,"Mount Laurel, NJ",2026-03-15,False,https://jooble.org/jdp/5071393153746798084,Jooble,
0,Specialist Initiative & Change Management,Enbridge,"Houston, TX",2026-03-16,False,https://jooble.org/jdp/7983625040022197679,Jooble,
0,"Head, Business Change",Consortium for Clinical Research and Innovation Singapore,"New York, NY",2026-03-17,False,https://jooble.org/jdp/-856899079432041448,Jooble,
0,Senior Change Manager - Guidewire Programs (US & Bermuda),Markel Corporation,"Richmond, VA",2026-03-15,False,https://jooble.org/jdp/-6624622336779533521,Jooble,
0,Regulatory Change Management,Mizuho Bank Ltd,"New York, NY",2026-03-15,False,https://jooble.org/jdp/3525418741090981777,Jooble,
0,Specialist II EAM Change Management,Enbridge,"Houston, TX",2026-03-16,False,https://jooble.org/jdp/-1892717082580226335,Jooble,
0,"Change & Enablement Program Manager, Finance",SupportFinity™,"San Francisco, CA",2026-03-17,False,https://jooble.org/jdp/9065383074017090705,Jooble,
0,Senior Inhouse Consultant / Project Manager: Change Management & Learning (m/w/d),Schaeffler Technologies AG & Co. KG,"Nuevo, CA",2026-03-14,False,https://jooble.org/jdp/-9026499093215144980,Jooble,
0,"Practice Lead, Cloud Strategy Governance and Change",Cox Enterprises,"Raleigh, NC",2026-03-14,False,https://jooble.org/jdp/5423946327715856714,Jooble,
0,Senior Change Manager: Technology Transformation,Consortium for Clinical Research and Innovation Singapore,"California, MO",2026-03-17,False,https://jooble.org/jdp/1280966648751896466,Jooble,
